text,phonetic,part_of_speech,definition_en,definition_vi,example_en,example_vi,level,image_url
able,,adj.,,"có năng lực, có tài",,,A1,
abandon,,v.,,"cất, từ cất",,,A1,
about,,adv. Prep.,,"khoảng, về",,,A1,
above,,"prep., adv.",,"tại trên, lên trên",,,A1,
act,/ækt/,"n., v.",,"hành động, hành vi, cử chỉ, đối xử",,,A1,
add,/æd/,v.,,"cộng, thêm vào",,,A1,
afraid,/əˈfreɪd/,adj.,,"sợ, sợ hãi, hoảng sợ",,,A1,
after,/ˈɑːf.tər/,"prep., conj., adv.",,"sau, đằng sau, sau khi",,,A1,
again,/əˈɡen/,adv.,,"lại, nữa, lần nữa",,,A1,
against,/əˈɡenst/,prep.,,"chống lại, phản đối",,,A1,
age,/eɪdʒ/,n.,,tuổi,,,A1,
ago,/əˈɡəʊ/,adv.,,trước đây,,,A1,
agree,/əˈɡriː/,v.,,"chấp nhận, tán thành",,,A1,
air,/eər/,n.,,"không khí, bầu không khí, không gian",,,A1,
all,,"det., pron., adv.",,tất cả,,,A1,
allow,,v.,,"cho phép, để cho",,,A1,
also,,adv.,,"cũng, cũng vậy, cũng thế",,,A1,
always,,adv.,,cứ luôn,,,A1,
among,,prep.,,"giữa, tại giữa",,,A1,
an,,"từ cổ,nghĩa cổ",,; (thông tục); (tiếng địa phương) nếu,,,A1,
and,,conj.,,và,,,A1,
anger,,n.,,"sự tức giận, sự giận dữ",,,A1,
animal,,n.,,"động vật, thú vật",,,A1,
answer,,"n., v.",,sự trả lời; trả lời,,,A1,
any,,"det., pron., adv.",,"một người, vật nào đó; bất cứ; một chút nào, tí nào",,,A1,
appear,,v.,,"xuất hiện, hiện ra, trình diện",,,A1,
apple,,n.,,quả táo,,,A1,
are,,,,"A (đơn vị diện tích ruộng đất, bằng 100m2)",,,A1,
area,,n.,,"diện tích, bề mặt",,,A1,
arm,,"n., v.",,"cánh tay; vũ trang, trang bị (vũ khí)",,,A1,
arrange,,v.,,"bố trí, sắp đặt, sửa soạn",,,A1,
arrive,,v. (+at in,,") đến, tới nơi",,,A1,
art,,n.,,"nghệ thuật, mỹ thuật",,,A1,
as,,"prep., adv., conj.",,như (as you know...),,,A1,
ask,,v.,,hỏi,,,A1,
at,,,,tại ở (chỉ vị trí),,,A1,
atom,,n.,,nguyên tử,,,A1,
baby,,,,đứa bé mới sinh; trẻ thơ,,,A1,
back,,"n., adj., adv., v.",,"lưng, về phía sau, trở lại",,,A1,
bad,,adj.,,"xấu, tồi",,,A1,
ball,,n.,,quả bóng,,,A1,
band,,n.,,"băng, đai, nẹp",,,A1,
bank,,,,"ngân hàng, (n.) bờ (sông...), đê",,,A1,
bar,,n.,,quán bán rượu,,,A1,
base,,"n., v.",,"cơ sở, cơ bản, nền móng; đặt tên, đặt cơ sở trên cái gì",,,A1,
basic,,adj.,,"cơ bản, cơ sở",,,A1,
bat,,"thể dục,thể thao",,"gậy (đánh bóng chày, crikê); (từ cổ,nghĩa cổ) vợt (quần vợt)",,,A1,
be,,,,"thì, là",,,A1,
bear,,v.,,"mang, cầm, vác, đeo, ôm",,,A1,
beat,,"n., v.",,"tiếng đập, sự đập; đánh đập, đấm",,,A1,
beauty,,n.,,"vẻ đẹp, cái đẹp; người đẹp",,,A1,
bed,,n.,,cái giường,,,A1,
been,,,,"thì, là",,,A1,
before,,"prep., conj., adv.",,"trước, đằng trước",,,A1,
began,,,,"bắt đầu, mở đầu, khởi đầu",,,A1,
begin,,v.,,"bắt đầu, khởi đầu",,,A1,
behind,,"prep., adv.",,"sau, tại đằng sau",,,A1,
believe,,v.,,"tin, tin tưởng",,,A1,
bell,,n.,,"cái chuông, tiếng chuông",,,A1,
best,/best/,,,tốt nhất,,,A1,
better,,,,tốt hơn,,,A1,
between,,"prep., adv.",,"giữa, tại giữa",,,A1,
big,,adj.,,"to, lớn",,,A1,
bird,,n.,,chim,,,A1,
bit,,n.,,"miếng, mảnh",,,A1,
black,,"adj., n.",,đen; màu đen,,,A1,
block,,"n., v.",,"khối, tảng (đá); làm ngăn cản, ngăn chặn",,,A1,
blood,,n.,,"máu, huyết; sự tàn sát, chem giết",,,A1,
blow,,"v., n.",,nở hoa; sự nở hoa,,,A1,
blue,/bluː/,"adj., n.",,"xanh, màu xanh",,,A1,
board,,"n., v.",,"tấm ván; lát ván, lót ván",,,A1,
boat,,n.,,"tàu, thuyền",,,A1,
body,,n.,,"thân thể, thân xác",,,A1,
bone,,n.,,xương,,,A1,
book,,"n., v.",,sách; ghi chép,,,A1,
born,,v.,,"sinh, đẻ",,,A1,
both,,"det., pron.",,cả hai,,,A1,
bottom,,"n., adj.",,"phần trong cùng, thấp nhất; cuối, cuối cùng",,,A1,
bought,,,,mua,,,A1,
box,,n.,,"hộp, thùng",,,A1,
boy,,n.,,"con trai, thiếu niên",,,A1,
branch,,n.,,"ngành; nhành cây, nhánh song, ngả đường",,,A1,
bread,,n.,,bánh mỳ,,,A1,
break,,"v., n.",,"bẻ gãy, đập vỡ; sự gãy, sự vỡ",,,A1,
bright,,adj.,,"sáng, sáng chói",,,A1,
bring,,v.,,"mang, cầm, xách lại",,,A1,
broad,,adj.,,rộng,,,A1,
brother,,n.,,"anh, em trai",,,A1,
brought,,,,"cầm lại, đem đến, đem lại, xách lại, đưa lại",,,A1,
brown,,"adj., n.",,"nâu, màu nâu",,,A1,
build,,v.,,xây dựng,,,A1,
burn,,v.,,"đốt, đốt cháy, thắp, nung, thiêu",,,A1,
busy,,adj.,,"bận, bận rộn",,,A1,
but,,conj.,,nhưng,,,A1,
buy,,v.,,mua,,,A1,
by,,"prep., adv.",,"bởi, bằng",,,A1,
call,,"v., n.",,"gọi; tiếng kêu, tiếng gọi",,,A1,
camp,,"n., v.",,"trại, chỗ cắm trại; cắm trại, hạ trại",,,A1,
can,,"modal v., n.",,"có thể; nhà tù, nhà giam, bình, ca đựng",,,A1,
capital,,"n., adj.",,"thủ đô, tiền vốn; chủ yếu, chính yếu, cơ bản",,,A1,
captain,,n.,,"người cầm đầu, người chỉ huy, thủ lĩnh",,,A1,
car,,n.,,xe hơi,,,A1,
card,,n.,,"thẻ, thiếp",,,A1,
care,,"n., v.",,"sự chăm sóc, chăm nom; chăm sóc",,,A1,
carry,,v.,,"mang, vác, khuân chở",,,A1,
case,,n.,,"vỏ, ngăn, túi",,,A1,
cat,,n.,,con mèo,,,A1,
catch,,v.,,"bắt lấy, nắm lấy, tóm lấy, chộp lấy",,,A1,
caught,,,,"sự bắt, sự nắm lấy; cái bắt, cái vồ, cái chộp",,,A1,
cause,,"n., v.",,"lý do, nguyên do; gây ra, gây nên",,,A1,
cell,,n.,,"ô, ngăn",,,A1,
cent,,n. (abbr. c ct,,) đồng xu (=1/100 đô la),,,A1,
center,/ˈsen.tər/,"từ Mỹ,nghĩa Mỹ",,(như) centre,,,A1,
century,,n.,,thế kỷ,,,A1,
certain,,"adj., pron.",,chắc chắn,,,A1,
chair,,n.,,ghế,,,A1,
chance,,n.,,"tʃɑ:ns/, sự may mắn",,,A1,
change,,"v., n.",,"thay đổi, sự thay đổi, sự biến đổi",,,A1,
character,,n.,,"tính cách, đặc tính, nhân vật;",,,A1,
charge,,"n., v.",,"nhiệm vụ, trách nhiệm, trách nhiệm; giao nhiệm vụ, giao việc",,,A1,
chart,,"n., v.",,"đồ thị, biểu đồ; thiết kế đồ thị, lập biểu đồ",,,A1,
check,,"v., n.",,kiểm tra; sự kiểm tra,,,A1,
chick,,,,gà con; chim con;,,,A1,
chief,,"adj., n.",,"trọng yếu, chính yếu; thủ lĩnh, lãnh tụ, người đầu bảng, xếp",,,A1,
child,,n.,,"đứa bé, đứa trẻ",,,A1,
children,,,,"đứa bé, đứa trẻ",,,A1,
choose,,v.,,"chọn, lựa chọn",,,A1,
chord,,thơ ca,,dây (đàn hạc),,,A1,
circle,,n.,,"đường tròn, hình tròn",,,A1,
city,,n.,,thành phố,,,A1,
claim,,"v., n.",,"đòi hỏi, yêu sách; sự đòi hỏi, sự yêu sách, sự thỉnh cầu",,,A1,
class,,n.,,lớp học,,,A1,
clean,,"adj., v.",,"sạch, sạch sẽ",,,A1,
clear,,"adj., v.",,"rõ ràng, sạch",,,A1,
climb,,v.,,"leo, trèo",,,A1,
clock,,n.,,đồng hồ,,,A1,
close,,"adj., v.",,"đóng kín, chật chội, che giấu, đóng, khép, chấm dứt, chấm dứt",,,A1,
clothe,,,,mặc quần áo cho,,,A1,
cloud,/klaʊd/,n.,,"mây, đám mây",,,A1,
coast,,n.,,sự lao dốc; bờ biển,,,A1,
coat,,n.,,áo choàng,,,A1,
cold,,"adj., n.",,"lạnh, sự lạnh lẽo, lạnh nhạt",,,A1,
collect,,v.,,"sưu tập, quy tụ lại",,,A1,
colony,,,,thuộc địa,,,A1,
color,/ˈkʌl.ər/,"từ Mỹ,nghĩa Mỹ",,(như) colour,,,A1,
column,,n.,,"cột, mục (báo)",,,A1,
come,,v.,,"đến, tới, đi đến, đi tới",,,A1,
common,,adj.,,"công, công cộng, thông thường, phổ biến",,,A1,
company,,n.,,công ty,,,A1,
compare,,v.,,"so sánh, đối chiếu",,,A1,
complete,,"adj., v.",,"hoàn tất, xong",,,A1,
condition,,n.,,"điều kiện, tình cảnh, tình thế",,,A1,
connect,,v.,,"kết nối, nối",,,A1,
consider,,v.,,"cân nhắc, tham quan xét; quan tâm, để ý, lưu ý đến",,,A1,
consonant,,âm nhạc,,"thuận tai, êm ái, du dương",,,A1,
contain,,v.,,"bao hàm, bỏ cất, bao gồm",,,A1,
continent,,n.,,"lục địa, đại lục (lục địa Bắc Mỹ)",,,A1,
continue,,v.,,"tiếp tục, làm tiếp",,,A1,
control,,"n., v.",,"sự điều khiển, quyền hành, quyền lực, quyền chỉ huy",,,A1,
cook,,"v., n.",,"nấu ăn, người nấu ăn",,,A1,
cool,,"adj., v.",,"mát mẻ, điềm tĩnh; làm mát",,,A1,
copy,,"n., v.",,"bản sao, bản chép lại; sự sao chép; sao chép, bắt chước",,,A1,
corn,,,,chai (chân),,,A1,
corner,,n.,,"góc (tường, nhà, phố...)",,,A1,
correct,,"adj., v.",,"đúng, chính xác; sửa, sửa chữa",,,A1,
cost,,"n., v.",,"giá, chi phí; trả giá, phải trả",,,A1,
cotton,,n.,,"bông, chỉ, sợi",,,A1,
could,,,,"có thể, có khả năng",,,A1,
count,,v.,,"đếm, tính",,,A1,
country,,n.,,"nước, đất nước, đất nước",,,A1,
course,,n.,,"tiến trình, quá biểu diễn tiến; sân chạy đua",,,A1,
cover,,"v., n.",,"bao bọc, che phủ; vỏ, vỏ bọc",,,A1,
cow,,n.,,con bò cái,,,A1,
crease,,,,"nếp nhăn, nếp gấp",,,A1,
create,,v.,,"sáng tạo, tạo nên",,,A1,
crop,,n.,,vụ mùa,,,A1,
cross,,"n., v.",,"cây Thánh Giá, nỗi thống khổ; sự băng qua; băng qua, vượt qua",,,A1,
crowd,,n.,,đám đông,,,A1,
cry,,"v., n.",,"khóc, kêu la; sự khóc, tiếng khóc, sự kêu la",,,A1,
current,,"adj., n.",,"hiện hành, phổ biến, hiện nay; loại (nước), luống (gió)",,,A1,
cut,,"v., n.",,"cắt, chặt; sự cắt",,,A1,
dad,,n.,,"bố, cha",,,A1,
dance,,"n., v.",,"sự nhảy múa, sự khiêu vũ; nhảy múa, khiêu vũ",,,A1,
danger,,n.,,"sự nguy hiểm, mối hiểm nghèo; nguy cơ, mối đe dọa",,,A1,
dark,,"adj., n.",,"tối, tối tăm; bóng tối, ám muội",,,A1,
day,,n.,,"ngày, ban ngày",,,A1,
dead,,adj.,,"chết, tắt",,,A1,
deal,,"v., n.",,"phân phát, phân phối; sự giao dịch, thỏa thuận sắm bán",,,A1,
dear,,adj.,,"thân, thân yêu, thân mến; kính thưa, thưa",,,A1,
death,,n.,,"sự chết, cái chết",,,A1,
decide,,v.,,"quyết định, khắc phục, phân xử",,,A1,
decimal,,toán học,,thập phân,,,A1,
deep,,"adj., adv.",,"sâu, khó lường, bí ẩn",,,A1,
degree,,n.,,"mức độ, trình độ; bằng cấp; độ",,,A1,
depend,,"+ on, upon",,"phụ thuộc, tuỳ thuộc, tuỳ thuộc",,,A1,
describe,,v.,,"diễn tả, mô tả, mô tả;",,,A1,
desert,,"n., v.",,"sa mạc; công lao, giá trị; rời đựng, đựng trốn",,,A1,
design,,"n., v.",,"sự mẫu mã, kế hoạch, đề cương. phác thảo; phác họa, thiết kế",,,A1,
determine,,v.,,"xác định, định rõ; quyết định",,,A1,
develop,,v.,,"phát triển, mở rộng; trình bày, bày tỏ",,,A1,
dictionary,,n.,,từ điển,,,A1,
die,,v.,,"chết, từ trần, hy sinh",,,A1,
differ,,(thường,,"+ from) khác, không giống",,,A1,
difficult,,adj.,,"khó, hạn chế, gay go",,,A1,
direct,,"adj., v.",,"trực tiếp, thẳng, thẳng thắn; gửi, viết cho người nào, điều khiển",,,A1,
discuss,,v.,,"bàn bạc, tranh luận",,,A1,
distant,,,,"xa, cách, xa cách",,,A1,
divide,,v.,,"chia, chia ra, phân loại",,,A1,
division,,n.,,"sự chia, sự phân chia, sự phân loại",,,A1,
do,,"v., auxiliary v.",,"làm, làm",,,A1,
doctor,,n. (abbr. Dr,,") bác sĩ y khoa, tiến sĩ",,,A1,
does,,,,"hươu cái, hoãng cái; nai cái",,,A1,
dog,,n.,,chó,,,A1,
dollar,,n.,,USD Mỹ,,,A1,
done,,,,"xong, hoàn tất, đã thực hiện",,,A1,
door,,n.,,"cửa, cửa ra vào",,,A1,
double,,"adj., det., adv., v.",,"đôi, hai, kép; cái gấp đôi, lượng gấp đôi; làm gấp đôi",,,A1,
down,/daʊn/,"adv., prep.",,xuống,,,A1,
draw,,v.,,"thiết kế, kéo",,,A1,
dream,,"n., v.",,"giấc mơ, mơ",,,A1,
dress,,"n., v.",,"quần áo, mặc (quần áo), ăn mặc",,,A1,
drink,,"n., v.",,đồ uống; uống,,,A1,
drive,,"v., n.",,"lái, đua xe; cuộc đua xe (điều khiển)",,,A1,
drop,,"v., n.",,"chảy ít giọt, rơi, rớt; giọt (nước, máu...)",,,A1,
dry,,"adj., v.",,"khô, cạn; làm khô, sấy khô",,,A1,
duck,,,,"con vịt, vịt cái",,,A1,
during,,prep.,,"dưới lúc, dưới thời gian",,,A1,
each,,"det., pron.",,mỗi,,,A1,
ear,,n.,,tai,,,A1,
early,,"adj., adv.",,sớm,,,A1,
earth,,n.,,trái đất,,,A1,
ease,,"n., v.,",,"sự thư thái, thoải mái",,,A1,
east,,"n., adj., adv.",,hướng đông,,,A1,
eat,,v.,,ăn,,,A1,
edge,,n.,,"lưỡi, cạnh sắc",,,A1,
effect,,n.,,"hiệu ứng, kết quả",,,A1,
egg,,n.,,trứng,,,A1,
eight,,,,tám,,,A1,
either,,"det., pron., adv.",,"mỗi, một",,,A1,
electric,,adj.,,thuộc điện,,,A1,
element,,n.,,yếu tố,,,A1,
else,,adv.,,"khác, nữa",,,A1,
end,,"n., v.",,"giới hạn, kết thúc",,,A1,
enemy,,n.,,kẻ thù,,,A1,
energy,,n.,,năng lượng,,,A1,
engine,,n.,,động cơ,,,A1,
enough,,"det., pron., adv.",,đủ,,,A1,
enter,,v.,,đi vào,,,A1,
equal,,"adj., n., v.",,"ngang, bằng",,,A1,
equate,,,,làm cân bằng,,,A1,
especially,,adv.,,đặc biệt là,,,A1,
even,,"adv., adj.",,ngay cả,,,A1,
evening,,n.,,"buổi chiều, tối",,,A1,
event,,n.,,"sự việc, sự kiện",,,A1,
ever,,adv.,,từng,,,A1,
every,,det.,,"mỗi, mọi",,,A1,
exact,,adj.,,chính xác,,,A1,
example,,n.,,ví dụ,,,A1,
except,,"prep., conj.",,trừ ra,,,A1,
excite,,v.,,kích thích,,,A1,
exercise,,"n., v.",,"bài tập, thực hiện",,,A1,
expect,,v.,,chờ đợi,,,A1,
experience,,"n., v.",,kinh nghiệm,,,A1,
experiment,,"n., v.",,thí nghiệm,,,A1,
eye,,n.,,mắt,,,A1,
face,,"n., v.",,"mặt, đối phó",,,A1,
fact,,n.,,sự kiện,,,A1,
fair,,adj.,,công bằng,,,A1,
fall,,"v., n.",,"rơi, ngã",,,A1,
family,,"n., adj.",,gia đình,,,A1,
famous,,adj.,,nổi tiếng,,,A1,
far,,"adv., adj.",,xa,,,A1,
farm,,n.,,trang trại,,,A1,
fast,,"adj., adv.",,nhanh,,,A1,
fat,,"adj., n.",,béo,,,A1,
father,,n.,,cha,,,A1,
favor,,,,sự quý mến,,,A1,
fear,,"n., v.",,sự sợ hãi,,,A1,
feed,,v.,,cho ăn,,,A1,
feel,,v.,,cảm thấy,,,A1,
feet,,,,bàn chân,,,A1,
fell,,,,da lông,,,A1,
felt,,,,"nỉ, phớt",,,A1,
few,,"det., adj., pron.",,"vài, một ít",,,A1,
field,,n.,,cánh đồng,,,A1,
fig,,,,quả sung,,,A1,
fight,,"v., n.",,đấu tranh,,,A1,
figure,,"n., v.",,"hình dáng, nhân vật",,,A1,
fill,,v.,,làm đầy,,,A1,
final,,"adj., n.",,chung cuộc,,,A1,
find,,v.,,tìm thấy,,,A1,
fine,,adj.,,tốt,,,A1,
finger,,n.,,ngón tay,,,A1,
finish,,"v., n.",,hoàn thành,,,A1,
fire,,"n., v.",,lửa,,,A1,
first,,det.,,đầu tiên,,,A1,
fish,,"n., v.",,cá,,,A1,
fit,,"v., adj.",,vừa vặn,,,A1,
five,,,,năm,,,A1,
flat,,"adj., n.",,bằng phẳng,,,A1,
floor,,n.,,sàn nhà,,,A1,
flow,,"n., v.",,dòng chảy,,,A1,
flower,,n.,,hoa,,,A1,
fly,,"v., n.",,bay,,,A1,
follow,,v.,,đi theo,,,A1,
food,,n.,,thức ăn,,,A1,
foot,,n.,,bàn chân,,,A1,
for,,prep.,,cho,,,A1,
force,,"n., v.",,sức mạnh,,,A1,
forest,,n.,,khu rừng,,,A1,
form,,"n., v.",,hình thức,,,A1,
forward,,"adv., adj.",,tiến tới,,,A1,
found,,v.,,tìm thấy,,,A1,
four,,,,bốn,,,A1,
fraction,,,,phân số,,,A1,
free,,"adj., v., adv.",,tự do,,,A1,
fresh,,adj.,,tươi mới,,,A1,
friend,,n.,,bạn bè,,,A1,
from,,prep.,,từ,,,A1,
front,,"n., adj.",,phía trước,,,A1,
fruit,,n.,,trái cây,,,A1,
full,,adj.,,đầy đủ,,,A1,
fun,,"n., adj.",,vui vẻ,,,A1,
game,,n.,,trò chơi,,,A1,
garden,,n.,,khu vườn,,,A1,
gas,,n.,,khí ga,,,A1,
gather,,v.,,tập hợp,,,A1,
gave,,,,đã cho,,,A1,
general,,adj.,,chung,,,A1,
gentle,,adj.,,dịu dàng,,,A1,
get,,v.,,lấy được,,,A1,
girl,,n.,,cô gái,,,A1,
give,,v.,,"đưa, cho",,,A1,
glad,,adj.,,vui mừng,,,A1,
glass,,n.,,"kính, ly",,,A1,
go,,v.,,đi,,,A1,
gold,,"n., adj.",,vàng bạc,,,A1,
gone,,,,đã đi,,,A1,
good,,"adj., n.",,tốt,,,A1,
govern,,v.,,cai quản,,,A1,
grand,,adj.,,to lớn,,,A1,
grass,,n.,,bãi cỏ,,,A1,
gray,,,,xám,,,A1,
great,,adj.,,tuyệt vời,,,A1,
green,,"adj., n.",,xanh lá,,,A1,
grew,,,,đã mọc,,,A1,
ground,,n.,,mặt đất,,,A1,
group,,n.,,nhóm,,,A1,
grow,,v.,,lớn lên,,,A1,
guess,,"v., n.",,phỏng đoán,,,A1,
guide,,"n., v.",,hướng dẫn,,,A1,
gun,,n.,,súng,,,A1,
had,,,,đã có,,,A1,
hair,,n.,,tóc,,,A1,
half,,"n., det., pron., adv.",,một nửa,,,A1,
hand,,"n., v.",,bàn tay,,,A1,
happen,,v.,,xảy ra,,,A1,
happy,,adj.,,hạnh phúc,,,A1,
hard,,"adj., adv.",,khó khăn,,,A1,
has,,,,có,,,A1,
hat,,n.,,cái mũ,,,A1,
have,,"v., auxiliary v.",,có,,,A1,
he,,pron.,,anh ấy,,,A1,
head,,"n., v.",,cái đầu,,,A1,
hear,,v.,,nghe,,,A1,
heard,,,,đã nghe,,,A1,
heart,,n.,,trái tim,,,A1,
heat,,"n., v.",,sức nóng,,,A1,
heavy,,adj.,,nặng nề,,,A1,
held,,,,đã giữ,,,A1,
help,,"v., n.",,giúp đỡ,,,A1,
her,,"pron., det.",,cô ấy,,,A1,
here,,adv.,,ở đây,,,A1,
high,,"adj., adv.",,cao,,,A1,
hill,,n.,,ngọn đồi,,,A1,
him,,pron.,,anh ấy,,,A1,
his,,"det., pron.",,của anh ấy,,,A1,
history,,n.,,lịch sử,,,A1,
hit,,"v., n.",,đánh trúng,,,A1,
hold,,"v., n.",,giữ lấy,,,A1,
hole,,n.,,cái lỗ,,,A1,
home,,"n., adv.",,nhà,,,A1,
hope,,"v., n.",,hy vọng,,,A1,
horse,,n.,,con ngựa,,,A1,
hot,,adj.,,nóng nực,,,A1,
hour,,n.,,giờ đồng hồ,,,A1,
house,,n.,,ngôi nhà,,,A1,
how,,adv.,,làm sao,,,A1,
huge,,adj.,,khổng lồ,,,A1,
human,,"adj., n.",,con người,,,A1,
hundred,,,,một trăm,,,A1,
hunt,,v.,,săn bắn,,,A1,
hurry,,"v., n.",,nhanh chóng,,,A1,
i,,,,tôi,,,A1,
ice,,n.,,băng đá,,,A1,
idea,,n.,,ý tưởng,,,A1,
if,,conj.,,nếu như,,,A1,
imagine,,v.,,tưởng tượng,,,A1,
in,,"prep., adv.",,bên trong,,,A1,
inch,,n.,,đơn vị inch,,,A1,
include,,v.,,bao gồm,,,A1,
indicate,,v.,,chỉ ra,,,A1,
industry,,n.,,công nghiệp,,,A1,
insect,,n.,,côn trùng,,,A1,
instant,,,,ngay tức khắc,,,A1,
instrument,,n.,,nhạc cụ,,,A1,
interest,,"n., v.",,sự quan tâm,,,A1,
invent,,v.,,phát minh,,,A1,
iron,,"n., v.",,sắt,,,A1,
island,,n.,,hòn đảo,,,A1,
it,,"pron., det.",,nó,,,A1,
keep,,v.,,giữ lại,,,A1,
kept,,,,đã giữ,,,A1,
key,,"n., adj.",,chìa khóa,,,A1,
kill,,v.,,giết chết,,,A1,
kind,,"n., adj.",,"loại, tử tế",,,A1,
king,,n.,,nhà vua,,,A1,
knew,,,,đã biết,,,A1,
know,,v.,,biết,,,A1,
lady,,n.,,quý bà,,,A1,
lake,,n.,,hồ nước,,,A1,
land,,"n., v.",,vùng đất,,,A1,
language,,n.,,ngôn ngữ,,,A1,
large,,adj.,,rộng lớn,,,A1,
last,,"det., adv., n., v.",,cuối cùng,,,A1,
late,,"adj., adv.",,muộn màng,,,A1,
laugh,,"v., n.",,tiếng cười,,,A1,
law,,n.,,luật pháp,,,A1,
lay,,v.,,đặt nằm,,,A1,
lead,,"v., n.",,dẫn dắt,,,A1,
learn,,v.,,học hỏi,,,A1,
least,,"det., pron., adv.",,ít nhất,,,A1,
leave,,v.,,rời đi,,,A1,
left,,"adj., adv., n.",,bên trái,,,A1,
leg,,,,cái chân,,,A1,
length,,n.,,chiều dài,,,A1,
less,,"det., pron., adv.",,ít hơn,,,A1,
let,,v.,,để cho,,,A1,
letter,,n.,,bức thư,,,A1,
level,,"n., adj.",,mức độ,,,A1,
lie,,"v., n.",,nói dối,,,A1,
life,,n.,,cuộc sống,,,A1,
lift,,"v., n.",,nhấc lên,,,A1,
light,,"n., adj., v.",,ánh sáng,,,A1,
like,,"prep., v., conj.",,thích,,,A1,
line,,n.,,dòng kẻ,,,A1,
liquid,,"n., adj.",,chất lỏng,,,A1,
list,,"n., v.",,danh sách,,,A1,
listen,,,,lắng nghe,,,A1,
little,,"adj., det., pron., adv.",,một chút,,,A1,
live,,v.,,sinh sống,,,A1,
locate,,v.,,định vị,,,A1,
log,,,,khúc gỗ,,,A1,
lone,,,,đơn độc,,,A1,
long,,"adj., adv.",,dài,,,A1,
look,,"v., n.",,nhìn xem,,,A1,
lost,,adj.,,thất lạc,,,A1,
lot,,,,nhiều,,,A1,
loud,,"adj., adv.",,to tiếng,,,A1,
low,,"adj., adv.",,thấp,,,A1,
machine,,n.,,máy móc,,,A1,
made,,,,đã làm,,,A1,
magnet,,,,nam châm,,,A1,
main,,adj.,,chính yếu,,,A1,
major,,adj.,,quan trọng,,,A1,
make,,"v., n.",,tạo ra,,,A1,
man,,n.,,đàn ông,,,A1,
many,,"det., pron.",,nhiều,,,A1,
map,,n.,,bản đồ,,,A1,
mark,,"n., v.",,đánh dấu,,,A1,
market,,n.,,chợ,,,A1,
mass,,"n., adj.",,khối lượng,,,A1,
master,,n.,,chủ nhân,,,A1,
match,,"n., v.",,trận đấu,,,A1,
material,,"n., adj.",,nguyên liệu,,,A1,
matter,,"n., v.",,vấn đề,,,A1,
may,,n.,,tháng năm,,,A1,
me,,pron.,,tôi,,,A1,
mean,,v.,,ý nghĩa,,,A1,
meant,,,,đã có ý,,,A1,
measure,,"v., n.",,đo lường,,,A1,
meat,,n.,,thịt,,,A1,
meet,,v.,,gặp gỡ,,,A1,
melody,,,,giai điệu,,,A1,
men,,,,những người đàn ông,,,A1,
metal,,n.,,kim loại,,,A1,
method,,n.,,phương pháp,,,A1,
middle,,"n., adj.",,ở giữa,,,A1,
might,,modal v.,,có thể,,,A1,
mile,,n.,,dặm,,,A1,
milk,,n.,,sữa,,,A1,
million,,,,triệu,,,A1,
mind,,"n., v.",,tâm trí,,,A1,
mine,,"pron., n.",,của tôi,,,A1,
minute,,n.,,phút,,,A1,
miss,,n.,,nhớ nhung,,,A1,
mix,,"v., n.",,trộn lẫn,,,A1,
modern,,adj.,,hiện đại,,,A1,
money,,n.,,tiền bạc,,,A1,
month,,n.,,tháng,,,A1,
moon,,n.,,mặt trăng,,,A1,
more,,"det., pron., adv.",,nhiều hơn,,,A1,
morning,,n.,,buổi sáng,,,A1,
most,,"det., pron., adv.",,hầu hết,,,A1,
motion,,n.,,sự chuyển động,,,A1,
mount,,"v., n.",,ngọn núi,,,A1,
mouth,,n.,,miệng,,,A1,
multiply,,v.,,nhân lên,,,A1,
music,,n.,,âm nhạc,,,A1,
must,,modal v.,,phải,,,A1,
my,,det.,,của tôi,,,A1,
name,,"n., v.",,tên,,,A1,
nation,,n.,,quốc gia,,,A1,
natural,,adj.,,tự nhiên,,,A1,
nature,,n.,,thiên nhiên,,,A1,
near,,"adj., adv., prep.",,gần,,,A1,
necessary,,adj.,,cần thiết,,,A1,
neck,,n.,,cái cổ,,,A1,
need,,"v., modal v., n.",,cần,,,A1,
never,,adv.,,không bao giờ,,,A1,
new,,adj.,,mới,,,A1,
next,,"adj., adv., n.",,kế tiếp,,,A1,
night,,n.,,ban đêm,,,A1,
nine,,,,chín,,,A1,
no,,det.,,không,,,A1,
noise,,n.,,tiếng ồn,,,A1,
noon,,,,buổi trưa,,,A1,
nor,,"conj., adv.",,cũng không,,,A1,
north,,"n., adj., adv.",,phía bắc,,,A1,
nose,,n.,,mũi,,,A1,
note,,"n., v.",,ghi chú,,,A1,
nothing,,pron.,,không có gì,,,A1,
notice,,"n., v.",,thông báo,,,A1,
noun,,,,danh từ,,,A1,
now,,adv.,,bây giờ,,,A1,
number,,n.,,con số,,,A1,
numeral,,,,chữ số,,,A1,
object,,"n., v.",,đồ vật,,,A1,
observe,,v.,,quan sát,,,A1,
occur,,v.,,xảy ra,,,A1,
ocean,,n.,,đại dương,,,A1,
of,,prep.,,của,,,A1,
off,,"adv., prep.",,tắt,,,A1,
offer,,"v., n.",,đề nghị,,,A1,
office,,n.,,văn phòng,,,A1,
often,,adv.,,thường xuyên,,,A1,
oh,,,,ồ,,,A1,
oil,,n.,,dầu mỏ,,,A1,
old,,adj.,,cũ,,,A1,
on,,"prep., adv.",,trên,,,A1,
once,,"adv., conj.",,một lần,,,A1,
one,,"number, det., pron.",,một,,,A1,
only,,"adj., adv.",,duy nhất,,,A1,
open,,"adj., v.",,mở ra,,,A1,
operate,,v.,,vận hành,,,A1,
opposite,,"adj., adv., n., prep.",,đối diện,,,A1,
or,,,,hoặc,,,A1,
order,,"n., v.",,ra lệnh,,,A1,
organ,,n.,,cơ quan,,,A1,
original,,"adj., n.",,bản gốc,,,A1,
other,,"adj., pron.",,khác,,,A1,
our,,det.,,của chúng tôi,,,A1,
out,,,,ngoài,,,A1,
over,,"adv., prep.",,qua,,,A1,
own,,"adj., pron., v.",,sở hữu,,,A1,
oxygen,,,,khí oxy,,,A1,
page,,n.,,trang giấy,,,A1,
paint,,"n., v.",,sơn màu,,,A1,
pair,,n.,,một cặp,,,A1,
paper,,n.,,giấy tờ,,,A1,
paragraph,,,,đoạn văn,,,A1,
parent,,n.,,phụ huynh,,,A1,
part,,n.,,phần,,,A1,
particular,,adj.,,cụ thể,,,A1,
party,,n.,,bữa tiệc,,,A1,
pass,,v.,,đi qua,,,A1,
past,,"adj., n., prep., adv.",,quá khứ,,,A1,
pattern,,n.,,hoa văn,,,A1,
pay,,"v., n.",,trả tiền,,,A1,
people,,n.,,mọi người,,,A1,
perhaps,,adv.,,có lẽ,,,A1,
period,,n.,,thời kỳ,,,A1,
person,,n.,,một người,,,A1,
phrase,,n.,,cụm từ,,,A1,
pick,,v.,,nhặt lên,,,A1,
picture,,n.,,bức ảnh,,,A1,
piece,,n.,,miếng,,,A1,
pitch,,n.,,cường độ,,,A1,
place,,"n., v.",,địa điểm,,,A1,
plain,,adj.,,đồng bằng,,,A1,
plan,,"n., v.",,kế hoạch,,,A1,
plane,,n.,,máy bay,,,A1,
planet,,n.,,hành tinh,,,A1,
plant,,"n., v.",,thực vật,,,A1,
play,,"v., n.",,chơi đùa,,,A1,
please,,v.,,làm ơn,,,A1,
plural,,,,số nhiều,,,A1,
poem,,n.,,bài thơ,,,A1,
point,,"n., v.",,điểm số,,,A1,
poor,,adj.,,nghèo khó,,,A1,
popular,,adj.,,phổ biến,,,A1,
populate,,,,cư dân,,,A1,
port,,n.,,bến cảng,,,A1,
pose,,"v., n.",,tạo dáng,,,A1,
position,,n.,,vị trí,,,A1,
possible,,adj.,,có thể,,,A1,
post,,"n., v.",,gửi thư,,,A1,
pound,,n.,,bảng anh,,,A1,
power,,n.,,quyền lực,,,A1,
practice,,n.,,luyện tập,,,A1,
prepare,,v.,,chuẩn bị,,,A1,
present,,"adj., n., v.",,hiện tại,,,A1,
press,,"n., v.",,nhấn nút,,,A1,
pretty,,"adv., adj.",,xinh xắn,,,A1,
print,,"v., n.",,in ấn,,,A1,
probable,,adj.,,có khả năng,,,A1,
problem,,n.,,vấn đề,,,A1,
process,,"n., v.",,quá trình,,,A1,
produce,,v.,,sản xuất,,,A1,
product,,n.,,sản phẩm,,,A1,
proper,,adj.,,thích hợp,,,A1,
property,,n.,,tài sản,,,A1,
protect,,v.,,bảo vệ,,,A1,
prove,,v.,,chứng minh,,,A1,
provide,,v.,,cung cấp,,,A1,
pull,,"v., n.",,kéo,,,A1,
push,,"v., n.",,đẩy,,,A1,
put,,v.,,đặt để,,,A1,
quart,,,,một phần tư,,,A1,
question,,"n., v.",,câu hỏi,,,A1,
quick,,adj.,,nhanh nhẹn,,,A1,
quiet,,adj.,,yên tĩnh,,,A1,
quite,,adv.,,khá là,,,A1,
quotient,,,,thương số,,,A1,
race,,"n., v.",,cuộc đua,,,A1,
radio,,n.,,đài phát thanh,,,A1,
rail,,n.,,đường sắt,,,A1,
rain,,"n., v.",,cơn mưa,,,A1,
raise,,v.,,nâng lên,,,A1,
range,,n.,,phạm vi,,,A1,
rather,,adv.,,thà rằng,,,A1,
reach,,v.,,chạm tới,,,A1,
read,,v.,,đọc sách,,,A1,
ready,,adj.,,sẵn sàng,,,A1,
real,,adj.,,thực tế,,,A1,
reason,,n.,,lý do,,,A1,
receive,,v.,,nhận lấy,,,A1,
record,,"n., v.",,ghi âm,,,A1,
red,,"adj., n.",,màu đỏ,,,A1,
region,,n.,,khu vực,,,A1,
remember,,v.,,ghi nhớ,,,A1,
repeat,,v.,,lặp lại,,,A1,
reply,,"n., v.",,trả lời,,,A1,
represent,,v.,,đại diện,,,A1,
require,,v.,,yêu cầu,,,A1,
rest,,"n., v.",,nghỉ ngơi,,,A1,
result,,"n., v.",,kết quả,,,A1,
rich,,adj.,,giàu có,,,A1,
ride,,"v., n.",,cưỡi xe,,,A1,
right,,"adj., adv., n.",,bên phải,,,A1,
ring,,"n., v.",,chiếc nhẫn,,,A1,
rise,,"n., v.",,tăng lên,,,A1,
river,,n.,,dòng sông,,,A1,
road,,n.,,con đường,,,A1,
rock,,n.,,tảng đá,,,A1,
roll,,"n., v.",,cuộn lại,,,A1,
room,,n.,,căn phòng,,,A1,
root,,n.,,rễ cây,,,A1,
rope,,n.,,sợi dây,,,A1,
rose,,,,hoa hồng,,,A1,
round,,"adj., adv., prep, n.",,hình tròn,,,A1,
row,,,,hàng ngang,,,A1,
rub,,v.,,chà xát,,,A1,
rule,,"n., v.",,quy định,,,A1,
run,,"v., n.",,chạy,,,A1,
safe,,adj.,,an toàn,,,A1,
said,,,,đã nói,,,A1,
sail,,"v., n.",,cánh buồm,,,A1,
salt,,n.,,muối ăn,,,A1,
same,,"adj., pron.",,giống nhau,,,A1,
sand,,n.,,cát,,,A1,
sat,,,,đã ngồi,,,A1,
save,,v.,,cứu giúp,,,A1,
saw,,,,đã thấy,,,A1,
say,,v.,,nói,,,A1,
scale,,,,vảy cá,,,A1,
school,,,,trường học,,,A1,
science,,,,khoa học,,,A1,
score,,,,điểm số,,,A1,
sea,,,,biển cả,,,A1,
search,,,,tìm kiếm,,,A1,
season,,,,mùa màng,,,A1,
seat,,,,chỗ ngồi,,,A1,
second,,,,giây lát,,,A1,
section,,,,bộ phận,,,A1,
see,,,,nhìn thấy,,,A1,
seed,,,,hạt giống,,,A1,
seem,,,,dường như,,,A1,
segment,,,,phân đoạn,,,A1,
select,,,,lựa chọn,,,A1,
self,,,,bản thân,,,A1,
sell,,,,bán buôn,,,A1,
send,,,,gửi đi,,,A1,
sense,,,,cảm giác,,,A1,
sent,,,,đã gửi,,,A1,
sentence,,,,câu văn,,,A1,
separate,,,,tách biệt,,,A1,
serve,,,,phục vụ,,,A1,
set,,,,thiết lập,,,A1,
settle,,,,ổn định,,,A1,
seven,,,,bảy,,,A1,
several,,,,một vài,,,A1,
shall,,,,sẽ phải,,,A1,
shape,,,,hình dáng,,,A1,
share,,,,chia sẻ,,,A1,
sharp,,,,sắc bén,,,A1,
she,,,,cô ấy,,,A1,
sheet,,,,tấm chăn,,,A1,
shell,,,,vỏ sò,,,A1,
shine,,,,tỏa sáng,,,A1,
ship,,,,con tàu,,,A1,
shoe,,,,chiếc giày,,,A1,
shop,,,,cửa hàng,,,A1,
shore,,,,bờ biển,,,A1,
short,,,,ngắn gọn,,,A1,
should,,,,nên làm,,,A1,
shoulder,,,,bờ vai,,,A1,
shout,,,,hét lên,,,A1,
show,,,,chỉ ra,,,A1,
side,,,,phía bên,,,A1,
sight,,,,tầm nhìn,,,A1,
sign,,,,dấu hiệu,,,A1,
silent,,,,im lặng,,,A1,
silver,,,,bạc,,,A1,
similar,,,,tương tự,,,A1,
simple,,,,đơn giản,,,A1,
since,,,,kể từ,,,A1,
sing,,,,hát hò,,,A1,
single,,,,độc thân,,,A1,
sister,,,,chị gái,,,A1,
sit,,,,ngồi,,,A1,
six,,,,sáu,,,A1,
size,,,,kích cỡ,,,A1,
skill,,,,kỹ năng,,,A1,
skin,,,,da thịt,,,A1,
sky,,,,bầu trời,,,A1,
slave,,,,nô lệ,,,A1,
sleep,,,,ngủ,,,A1,
slip,,,,trượt ngã,,,A1,
slow,,,,chậm trễ,,,A1,
small,,,,nhỏ nhắn,,,A1,
smell,,,,ngửi mùi,,,A1,
smile,,,,mỉm cười,,,A1,
snow,,,,tuyết,,,A1,
so,,,,vì thế,,,A1,
soft,,,,mềm mại,,,A1,
soil,,,,đất đai,,,A1,
soldier,,,,quân lính,,,A1,
solution,,,,giải pháp,,,A1,
solve,,,,giải quyết,,,A1,
some,,,,một số,,,A1,
son,,,,con trai,,,A1,
song,,,,bài hát,,,A1,
soon,,,,sớm thôi,,,A1,
sound,,,,âm thanh,,,A1,
south,,,,phía nam,,,A1,
space,,,,không gian,,,A1,
speak,,,,nói chuyện,,,A1,
special,,,,đặc biệt,,,A1,
speech,,,,bài diễn văn,,,A1,
speed,,,,tốc độ,,,A1,
spell,,,,đánh vần,,,A1,
spend,,,,tiêu xài,,,A1,
spoke,,,,đã nói,,,A1,
spot,,,,dấu vết,,,A1,
spread,,,,lây lan,,,A1,
spring,,,,mùa xuân,,,A1,
square,,,,hình vuông,,,A1,
stand,,,,đứng dậy,,,A1,
star,,,,ngôi sao,,,A1,
start,,,,bắt đầu,,,A1,
state,,,,trạng thái,,,A1,
station,,,,nhà ga,,,A1,
stay,,,,ở lại,,,A1,
stead,,,,thay vì,,,A1,
steam,,,,hơi nước,,,A1,
steel,,,,thép cứng,,,A1,
step,,,,bước đi,,,A1,
stick,,,,gậy gộc,,,A1,
still,,,,vẫn còn,,,A1,
stone,,,,hòn đá,,,A1,
stood,,,,đã đứng,,,A1,
stop,,,,dừng lại,,,A1,
store,,,,lưu trữ,,,A1,
story,,,,câu chuyện,,,A1,
straight,,,,thẳng thắn,,,A1,
strange,,,,xa lạ,,,A1,
stream,,,,dòng suối,,,A1,
street,,,,con phố,,,A1,
stretch,,,,vươn vai,,,A1,
string,,,,sợi dây,,,A1,
strong,,,,mạnh mẽ,,,A1,
student,,,,học sinh,,,A1,
study,,,,học tập,,,A1,
subject,,,,môn học,,,A1,
substance,,,,vật chất,,,A1,
subtract,,,,trừ đi,,,A1,
success,,,,thành công,,,A1,
such,,,,như vậy,,,A1,
sudden,,,,đột ngột,,,A1,
suffix,,,,hậu tố,,,A1,
sugar,,,,đường ngọt,,,A1,
suggest,,,,đề nghị,,,A1,
suit,,,,bộ đồ,,,A1,
summer,,,,mùa hè,,,A1,
sun,,,,mặt trời,,,A1,
supply,,,,cung cấp,,,A1,
support,,,,hỗ trợ,,,A1,
sure,,,,chắc chắn,,,A1,
surface,,,,bề mặt,,,A1,
surprise,,,,ngạc nhiên,,,A1,
swim,,,,bơi lội,,,A1,
syllable,,,,âm tiết,,,A1,
symbol,,,,biểu tượng,,,A1,
system,,,,hệ thống,,,A1,
table,,,,cái bàn,,,A1,
tail,,,,cái đuôi,,,A1,
take,,,,lấy đi,,,A1,
talk,,,,trò chuyện,,,A1,
tall,,,,cao ráo,,,A1,
teach,,,,dạy bảo,,,A1,
team,,,,đội ngũ,,,A1,
teeth,,,,hàm răng,,,A1,
tell,,,,bảo cho,,,A1,
temperature,,,,nhiệt độ,,,A1,
ten,,,,mười,,,A1,
term,,,,thuật ngữ,,,A1,
test,,,,kiểm tra,,,A1,
than,,,,hơn là,,,A1,
thank,,,,cảm ơn,,,A1,
that,,,,cái đó,,,A1,
the,,,,cái này,,,A1,
their,,,,của họ,,,A1,
them,,,,bọn họ,,,A1,
then,,,,sau đó,,,A1,
there,,,,ở đó,,,A1,
these,,,,những cái này,,,A1,
they,,,,họ,,,A1,
thick,,,,dày đặc,,,A1,
thin,,,,mỏng manh,,,A1,
thing,,,,đồ vật,,,A1,
think,,,,suy nghĩ,,,A1,
third,,,,thứ ba,,,A1,
this,,,,cái này,,,A1,
though,,,,mặc dù,,,A1,
thought,,,,đã nghĩ,,,A1,
thousand,,,,nghìn,,,A1,
three,,,,ba,,,A1,
through,,,,xuyên qua,,,A1,
throw,,,,ném đi,,,A1,
thus,,,,như vậy,,,A1,
tie,,,,thắt dây,,,A1,
time,,,,thời gian,,,A1,
tiny,,,,nhỏ bé,,,A1,
tire,,,,lốp xe,,,A1,
to,,,,tới,,,A1,
together,,,,cùng nhau,,,A1,
told,,,,đã nói,,,A1,
tone,,,,âm điệu,,,A1,
too,,,,cũng vậy,,,A1,
took,,,,đã lấy,,,A1,
tool,,,,công cụ,,,A1,
top,,,,đỉnh cao,,,A1,
total,,,,tổng số,,,A1,
touch,,,,chạm vào,,,A1,
toward,,,,hướng tới,,,A1,
town,,,,thị trấn,,,A1,
track,,,,theo dõi,,,A1,
trade,,,,buôn bán,,,A1,
train,,,,tàu hỏa,,,A1,
travel,,,,du lịch,,,A1,
tree,,,,cái cây,,,A1,
triangle,,,,tam giác,,,A1,
trip,,,,chuyến đi,,,A1,
trouble,,,,rắc rối,,,A1,
truck,,,,xe tải,,,A1,
true,,,,sự thật,,,A1,
try,,,,thử sức,,,A1,
tube,,,,ống nước,,,A1,
turn,,,,rẽ hướng,,,A1,
twenty,,,,hai mươi,,,A1,
two,,,,hai,,,A1,
type,,,,kiểu loại,,,A1,
under,,,,bên dưới,,,A1,
unit,,,,đơn vị,,,A1,
until,,,,cho đến,,,A1,
up,,,,lên trên,,,A1,
us,,,,chúng ta,,,A1,
use,,,,sử dụng,,,A1,
usual,,,,thông thường,,,A1,
valley,,,,thung lũng,,,A1,
value,,,,giá trị,,,A1,
vary,,,,thay đổi,,,A1,
verb,,,,động từ,,,A1,
very,,,,rất nhiều,,,A1,
view,,,,quang cảnh,,,A1,
village,,,,ngôi làng,,,A1,
visit,,,,thăm viếng,,,A1,
voice,,,,giọng nói,,,A1,
vowel,,,,nguyên âm,,,A1,
wait,,,,đợi chờ,,,A1,
walk,,,,đi bộ,,,A1,
wall,,,,bức tường,,,A1,
want,,,,mong muốn,,,A1,
war,,,,chiến tranh,,,A1,
warm,,,,ấm áp,,,A1,
was,,,,đã là,,,A1,
wash,,,,giặt giũ,,,A1,
watch,,,,đồng hồ,,,A1,
water,,,,dòng nước,,,A1,
wave,,,,ngọn sóng,,,A1,
way,,,,cách thức,,,A1,
we,,,,chúng ta,,,A1,
wear,,,,mặc vào,,,A1,
weather,,,,thời tiết,,,A1,
week,,,,tuần lễ,,,A1,
weight,,,,cân nặng,,,A1,
well,,,,tốt đẹp,,,A1,
were,,,,đã là,,,A1,
west,,,,phía tây,,,A1,
what,,,,cái gì,,,A1,
wheel,,,,bánh xe,,,A1,
when,,,,khi nào,,,A1,
where,,,,ở đâu,,,A1,
whether,,,,liệu rằng,,,A1,
which,,,,cái nào,,,A1,
while,,,,trong khi,,,A1,
white,,,,màu trắng,,,A1,
who,,,,ai đó,,,A1,
whole,,,,toàn bộ,,,A1,
whose,,,,của ai,,,A1,
why,,,,tại sao,,,A1,
wide,,,,rộng rãi,,,A1,
wife,,,,người vợ,,,A1,
wild,,,,hoang dã,,,A1,
will,,,,sẽ làm,,,A1,
win,,,,chiến thắng,,,A1,
wind,,,,ngọn gió,,,A1,
window,,,,cửa sổ,,,A1,
wing,,,,đôi cánh,,,A1,
winter,,,,mùa đông,,,A1,
wire,,,,dây điện,,,A1,
wish,,,,ước nguyện,,,A1,
with,,,,cùng với,,,A1,
woman,,,,người nữ,,,A1,
women,,,,phụ nữ,,,A1,
wonder,,,,thắc mắc,,,A1,
wood,,,,gỗ cây,,,A1,
word,,,,từ vựng,,,A1,
work,,,,làm việc,,,A1,
world,,,,thế giới,,,A1,
write,,,,viết lách,,,A1,
written,,,,đã viết,,,A1,
wrong,,,,sai trái,,,A1,
wrote,,,,đã viết,,,A1,
year,,,,năm học,,,A1,
yellow,,,,màu vàng,,,A1,
yes,,,,vâng ạ,,,A1,
yet,,,,chưa đâu,,,A1,
you,,,,bạn,,,A1,
young,,,,trẻ trung,,,A1,
your,,,,của bạn,,,A1,
yolk,,,,lòng đỏ,,,A1,
yeanling,,,,dê con,,,A1,
yearbook,,,,niên giám,,,A1,
yearling,,,,khao khát,,,A1,
yearlong,,,,kéo dài,,,A1,
yearning,,,,khao khát,,,A1,
yeomanry,,,,phong thủy,,,A1,
yielding,,,,năng suất,,,A1,
youngish,,,,trẻ trung,,,A1,
yourself,,,,bản thân bạn,,,A1,
youthful,,,,trẻ trung,,,A1,
yabbering,,,,tiếng kêu,,,A1,
yachtings,,,,du thuyền,,,A1,
yachtsmen,,,,du thuyền,,,A1,
yappingly,,,,ngáp,,,A1,
yardbirds,,,,chim sân,,,A1,
yardlands,,,,sân đất,,,A1,
yardworks,,,,sân bãi,,,A1,
yawmeters,,,,ngáp,,,A1,
yawningly,,,,ngáp,,,A1,
yearbooks,,,,kỷ yếu,,,A1,
yearlings,,,,năm con,,,A1,
yearnings,,,,khao khát,,,A1,
yeastiest,,,,đẹp nhất,,,A1,
yeastless,,,,không men,,,A1,
yeastlike,,,,giống như men,,,A1,
yellowest,,,,màu vàng nhất,,,A1,
yuckiness,,,,kinh ngạc,,,A1,
